word,sentiment_coeff
climate,105.41216302152691
change,105.41215601708083
says,9.789801929623003
global,4.674369631193151
un,10.678264856169855
new,3.862275356454723
report,43.186441771793746
china,39.884112059192596
world,18.90798429328025
fight,22.673984010660345
al_gore,60.68216133464705
plan,16.76643170119589
action,20.576108746999772
us,10.052588907681276
new_york,32.127279565227056
bush,42.66806853761032
reuters,80.40165256435029
canada,62.572917850467974
tackle,15.76037786894586
united_states,47.93615869386631
changes,7.156612608490619
summit,76.2536558858871
deal,83.12967670183323
today,15.024407364667569
people,27.728722937789172
panel,16.77304257961645
trigger_disputes,26.998004744368828
could_diminish,65.97677913705994
water_supplies,82.5186717620268
conference,86.83094763477786
north_american,29.482268228930923
news,9.607711252281835
science,63.94129471734982
talks,22.823720963596703
prime_minister,47.576772941878005
tackling,20.682680510817583
post,23.079755501956264
pm,14.567046046590374
apec,34.10600081197961
scientists,53.935472451565566
nobel_peace,27.109786167324845
g8,55.8882195099287
meeting,33.72359135309459
could,38.40882320919752
back,53.058656387881285
details,32.47153383109047
debate,69.40190562693624
environment,50.683033738421415
global_warming,85.60225115891875
study,16.277252568651377
day,39.85498149936437
reading,25.62061605310072
update,43.420655939346425
apec_leaders,43.19975694611574
bbc_debate,26.429458156708854
sign,76.99479644676519
new_blog,31.760953980435886
read_full,28.66553983346692
story_latest,58.620572307925464
weather,19.853766091736574
warning,15.93071835115559
time,58.92460591892208
urges,52.62825313801726
issues,97.08861555255793
leaders,48.334648286746116
un_report,77.92749077959064
energy,33.41915481846222
see,34.31255821567462
opec_summit,82.15213172672831
c,61.39610361414317
think,22.953999589401562
peace_prize,61.77542246400601
london,85.8586212777071
chinas,43.75548437315972
effects,71.46675290787233
war,76.19829839596929
business,22.09123586140167
threat,34.74740776978836
campaign,21.135138233989345
may,30.264549812610632
globe,23.562746159758255
take,57.06675837830208
inaction,90.50576472682913
calls,41.79306193762194
must,49.05217896600499
efforts,82.60861013679738
security,92.03950625488957
panel_warned,45.81023307561984
water,68.45675382962838
day_un,40.761526928106974
im,25.571562682886714
great,79.6506596959172
top,36.029938567095556
john_howard,39.042175871145595
gordon_brown,23.714748721044494
work,32.46357482147904
still,40.83394359558062
say,46.87324389399288
issue,26.565345870577705
help,7.825001687762343
nations,37.52932381349756
policy,44.48107650740238
government,33.682149638647914
labor,66.6234648908634
un_panel,89.88015021083665
gr,39.59954516031206
intergovernmental_panel,88.151709637952
harper,60.5289759792997
clinton_aim,83.38348587313368
green,22.476370313544976
article,35.638698497308155
combat,89.24266005736797
one,21.934239852088787
good,33.557779897469565
worlds,67.0305379600356
go,19.758962853211774
curb,41.5434895714406
politics_edwards,47.1643762323562
uk,88.48963384265227
agree,35.65165797491366
australia,34.56052231027088
going,83.36301961200647
carbon,75.22656361169618
special,45.980806327017305
leadership,59.526778700353624
need,17.431789002263958
focus,37.303316094374104
act,27.830078939963474
get,31.319485032995445
know,64.63632412503311
prize,54.92560824347998
sydney,57.40970534837557
year,16.448478093501954
ever,86.8276802683655
arctic,29.281725086678115
future,59.18455300391412
warming,45.12121762341853
show,27.45195156916113
international,42.40460539365726
gets,33.313775256885904
hit,34.25199601680693
talk,71.82310634638948
agreement,68.90678748940847
live_earth,36.39046483409827
first,85.42927853050196
right,33.80752460634892
strategy,64.51650123345037
listening,88.44981220825105
major,62.62921102595243
part,31.86577880052144
p,52.109382914176294
singapore,27.415879230559565
address,47.52252686868463
united_nations,31.81691116393803
trying,20.62931065226129
key,20.27898760045187
warns,74.61573339434996
greens,21.376734387368664
live,19.181025754618787
economic,31.191001346913424
1805_gmt,19.336436949734058
president,48.76594837067774
blog,39.41126205732489
minister,16.198181012541635
howard,17.1489090998345
commonwealth,21.45172182018318
thinking,76.34113627739735
us_president,21.261621077853103
due,67.71262107919082
tony_blair,25.03752443342556
gore,88.00125114232047
interesting,62.85052276241502
group,22.33059417100145
signs,85.52673331371152
check,82.85440968466062
pact,38.529139737125256
calling,29.632256743233295
rudd,19.216052690773385
peace,46.45567314800138
politics,71.03735459921961
2007,86.52459659829591
goals,72.1758901752062
called,53.73577843042093
looking,29.884212000602503
protest,47.310019764718604
times,86.58645400785929
scientist,33.34314926249248
1305_gmt,13.978762776916671
solving,18.26636347287479
campaigners,24.131822804965836
impact,87.38574153720052
camp,71.27333959832247
protesters,16.803784203385646
full_story,31.533046178245545
targets,27.23515169767845
believe,19.79071551041807
sun,29.918990563608666
call,88.99733626247027
north,22.673196374468382
would,28.903094656043308
australian,48.14976752476066
way,45.12133794365121
w,35.021717166110925
makes,37.99542867240282
risk,36.06947341447501
event,28.85042460810365
watching,56.253582151173575
un_chief,60.21806199280465
g8_summit,90.846026533136
govt,12.625388652585034
john,87.3707430861927
britain,47.89884252874472
labors,61.09030771399224
problem,18.375154279487724
big,18.533923340058703
solution,82.81674167770166
countries,41.92132103223931
leading,33.250201706369445
bbc,19.420026140674302
dealing,65.68499078806859
ahead_g8,67.64258781660259
indonesia,54.21371551369512
week,64.97608890994961
make,73.63557834967699
panda_news,77.90702558517354
hope,18.150102100374546
david_miliband,42.50612791414382
hard,34.87862478855217
afp,40.834338671009974
federal,32.19339333376232
much,22.05079758730796
commonwealth_leaders,17.017722812263948
pres,77.9723557968468
ipcc,60.112861232811355
nobel_intent,57.631047589372045
online,39.789020830519696
stop,73.58973945823675
bad,19.112527466863284
push,62.876649922888326
also,37.99282238728543
al_gores,34.125089896192954
response,91.65392401950162
research,33.447458070186386
really,90.80535958671058
site,20.067295729781716
claims,21.588444606742858
cold,36.184076636108585
like,90.45803112256294
getting,45.416454823591344
h,32.27768969905097
even,72.99380845110005
cp,50.45837768846898
dont,27.600974480122524
africa,68.86546890339272
declaration,27.985150863812727
working,57.03598022269455
2007_nobel,29.88275093684356
planet,52.47253738361433
clima,40.022449074976464
national,72.10034565827821
meet,78.81464362750543
fighting,49.01146774770723
role,27.435615281346386
feel,68.04867805504867
airport,43.33515923419331
chancellor_gordon,60.637292829590464
activists,49.63261687672531
next,30.525771162105226
finished,23.069053878163412
head,86.64741365460179
questions,72.1307101775213
school,34.152549621449914
ready,32.02246660894128
heathrow,84.50902446748442
downer,51.53363738805176
poor,54.31648482685293
according,50.289422158217846
hits,27.48519565196547
attending,87.44804819171034
rep,16.664864946092667
vice_president,30.447129483542376
years,37.821023582031174
awareness,90.38416215113587
real,33.72603227629283
video,45.08934652754876
documentary,32.85989119951472
yet,55.94036998899077
governments,43.90974602438398
center,55.700392402339176
project,93.34535523821842
bali,35.64190277569737
face,36.37699273266145
affect,34.194778946242096
film_al,36.21504405521153
maybe,19.162818751609613
cost,38.846230604758624
bush_outlines,17.49926510261925
link,79.39002908857765
farmers,59.297413073856646
white_house,27.262106195176145
describes_risks,31.327667690785347
dangers,35.45094131616921
new_warnings,31.440596154170883
xinhua,38.931261550852184
west,59.58891065431419
building,39.67970713962636
flood,87.24713509408744
calls_urgent,40.646251121150314
g8_nations,26.581526393117574
valencia_spain,67.62808533375099
least,23.83931620027905
progress,61.79857083947546
former_vice,38.024589128074616
use,75.02287626776757
g8_leaders,35.14070217636696
flooding,58.024984489520094
caused,19.001614598774196
hear,87.45230266279734
abrupt_irreversible,54.184908585663266
g,39.17834875527526
breakthrough,85.51387150637485
health_secretary,82.61849390877623
got,86.72368102676666
police,59.931563191788385
press,28.509021916936927
means,36.652222787319275
last,23.03810938262502
shows,62.492385405205454
launch,85.59487172915486
federal_opposition,47.567850497852845
wales,19.384935635313457
tech,27.221944482142526
10,46.320355006509935
updated,14.826599235032308
old,54.52271175722116
million,87.94291809965952
affects,40.44215570474233
environmental,34.382165861867506
two,49.57539124027005
end,88.9172357784702
team,79.42349017996679
reached,86.13485413371829
cant,38.04321991252675
germany,39.90074703386966
npr,31.139710213700894
takes,41.2714033027833
china_releases,12.8663480864913
gore_says,15.247433013976387
faster_says,32.792919221930994
ideas,27.553923114170907
almost_certainly,53.402574718778546
brings,42.2445244089829
experts,86.65001341890985
congress,42.46740537488557
green_taxes,56.54927214187319
significant,83.01908984828613
stephen_harper,28.479445490189057
st,44.64438007413045
hot,49.53066188855776
blog_action,83.35189208490387
health,30.330205508929584
october,65.6636082281197
wondering,34.06017314417377
best,24.997752906374537
wants,21.66711623404175
support,23.69951798708935
pushes,81.091799538425
must_lead,28.168221474996066
proposal,15.909111447586582
home,91.22512615943852
expert,44.68542399972731
china_daily,27.18457185515392
developing,63.55890090791743
help_fight,31.84490821406981
protest_camp,41.291044041844586
environment_secretary,42.34253477865184
german,32.784176264105625
hardest,41.238407647912645
blame,88.65231484831308
holds,93.1922307548412
answer,19.70369772935169
food,30.241086994589704
plant,54.48213980335941
tourism,33.36580978145805
lead,72.84681959707072
unveils,36.86419844626508
president_bush,54.702433781851155
talking,34.33490890461405
minutes_ago,27.93447282893525
made,60.99198399493169
sec,52.53303575002634
latest,29.469740314949725
bill,24.440013111218484
writing,33.48028255934122
human,52.8092661731244
view,26.295450205261563
spain,64.6984651755219
c4_accused,39.45341128344681
washington,35.01962254385398
kyoto,20.546893196048927
national_plan,30.903816850050646
challenge,88.45945081274064
adaptation,65.5071575220688
flights_aimed,91.21478653699702
power,32.62762605890933
ban_kimoon,51.14405380275227
falsifying_data,38.349645942485964
threatens,37.64999037363906
might,46.05710780356425
heat,48.29635470369797
announced,20.07881924121235
want,72.9632253677977
2,22.616242575350334
billions,38.48646814565926
film,43.33196900508699
us_seeks,35.46736103576164
plans,41.04628190666645
cool,38.48684567132948
reach,50.34355695247812
carbon_footprint,27.687818133847543
stuff,30.477100541542974
next_weeks,31.43428082490039
technology,24.189943153211004
claim,88.52580400468202
ahead,31.119061581037556
website,41.153458863867
minutes,78.0627891908963
comes,64.9779726450212
past,80.1511143966317
criticism,75.3902421343305
costs,52.936615805411265
art,29.770438445975806
evidence,88.76629361113797
ice,29.153289617095055
hes,40.71699191161092
chief,35.071471278269705
germany_discuss,67.10008039055194
asian,83.25245760868987
rising,31.50536592697963
aimed,30.312552450448784
island,57.93932395867128
election,75.9650015632353
caijing_online,21.626904259978502
kick,60.923209196633096
survey_suggests,70.09097369275553
question,37.08080885681738
nature_reports,42.946921233379804
ap,49.60519797313739
front_page,82.61954084484489
rejected,67.20394095890316
president_al,86.80955816062848
thing,62.817356674624705
yes,63.951778301399436
message,88.15982503908896
wins_nobel,37.3584961545338
free,30.197529429919776
presentation,58.87745403956319
former_us,66.52436821135916
consciousness,33.19197755938614
al,38.09554050530514
found,59.25734805426906
sydney_australia,24.934644168125033
english_schools,78.7092089054553
march,91.85479517782747
helping,64.52538620968426
cover,45.658682193058105
usa,51.75899767486122
humaninduced,57.324404929776705
impacts,63.943068828987776
anyone,86.73279257438004
yahoo_news,34.257168427370644
planetary_emergency,20.65796239507396
european,33.18680260615518
nice,32.923359967747274
goes,42.353511378106916
said,63.21387439372868
publishedupdated_read,39.50417191377165
interested,50.74531973627449
thousands,78.53220291490267
obesity_poses,30.321390255797965
cnncom_recently,35.72343668794776
potential_crisis,55.72139301176195
scale,52.20002073889369
needs,46.89098925987669
survey,49.97870573642484
policies,30.57832168526341
green_groups,68.44361781957227
join,44.2269836057714
says_uk,25.596461139718052
held,88.29102846657176
thought,53.89211738830579
comment_central,74.24143224064507
direct_action,90.43318800107488
rain,85.39650645923571
nations_meeting,57.246806461822175
theyre,85.26982929581004
making,66.95168794634891
coal,63.76449722811576
floods,48.39545075726757
united,19.050207153942257
high,72.3567227995659
used,23.640043618588482
president_susilo,64.91270167173255
concern,39.676594954342995
emissions,51.61945464196228
poverty,35.27524605838478
problems,34.6889637649722
ri,28.67683131664134
finds,70.55180307528089
nothing,64.01071153699846
risks,33.02489146101557
rich,69.6659746534782
australias,90.4084495258692
islands,93.73763432067076
mr,38.79044626704111
pacific,68.64567420428699
close,34.36078671731683
data,53.47000776589746
vulnerable,34.18026806588311
chained,28.591928417345926
ago,44.236532438099104
top_polluting,83.03532193195154
degrees,63.907717455856314
delegates_worlds,27.99782236246623
responsible,47.109027703856725
governments_proposals,72.44440708526446
need_tougher,59.451671508224514
say_mps,55.39127984852034
northern,46.65288198917687
sunshine,28.4401722498797
addressing,27.91610482951024
india,76.90642535605845
scientific_american,22.23363975545317
announces,72.25736248535719
step,67.20270590496278
progress_must,23.59084368241589
measurable,23.706243551052857
series,86.28056642191072
vision,28.847514859689433
bush_wants,25.93843817449587
addresses,78.59044109848696
cli,59.244595813157396
causing,53.08429465744022
comments,35.617318444466875
well,82.29362795185362
posted,56.42159725637973
terrorism,60.56014168377031
minister_john,19.71119575392267
us_aims,67.68668516912865
drive,22.33981149829619
companies,71.48946039292363
rainfall_patterns,42.877787232589576
consensus,46.341688269069635
worst,32.46468547627509
political,29.93684230103137
massive,51.907597998242565
pact_summit,26.360625432096526
commitments,30.1061867333612
fear,30.796158514282567
expected,37.30304810432214
statement,51.507389974404944
rift,74.72008269063952
chinas_hu,51.71035527346315
framework,31.904943533658173
continue,54.915472902572205
start,47.41948120899764
browsing,70.42635887394866
moves,73.65377544417575
bc_premier,29.747219946293363
come,40.39309963644173
hopes,35.21242437575131
economy,39.40267775266365
stand,45.139103208447416
early,90.63610417985863
public,50.13618148638541
yesterday,17.093804457551972
adviser_jonathon,30.686262063953727
media,28.292543205646723
dev,18.736201314118322
four,46.216863209707086
air,76.93813783786295
e,38.19613196616004
survive,83.09914728030779
blogging,51.46381827617137
likely,76.62496045983569
ten,89.26972063153428
largest,67.33565202474819
monday,69.4976248933652
oil,39.782552815181056
china_vows,93.94733168575661
place,27.636905047622488
policy_issued,27.793722422447132
today_details,88.63944606579474
seeking,81.31825691900467
seems,43.439128416404884
neanderthals,89.58169778116708
local,46.838842765465664
german_chancellor,28.968711712813366
angela_merkel,49.09438939718086
criticised,43.364671303622245
driving,36.77656710630459
us_chief,37.56594368374581
scientist_john,85.27561387332176
marburger_says,38.66593681051309
human_activities,52.37241041197211
read,36.795880657608954
linked,83.73925086158917
porritt_says,50.47445102914402
global_deal,31.046782366129435
chinas_first,44.07784402924282
critics,44.33987449315955
earth,35.636965536471294
blair,36.584735270473985
asia,35.888177342513345
may_bring,34.73040403760474
dialogue_india,89.88141088217189
ottawa_cp,25.5068005904604
institute,62.717166099151996
needed,45.56411837416054
real_happening,34.843377238979365
affected_global,46.3156634245786
rival_visions,28.516430685668297
says_priority,80.05839824144199
cameron_outline,86.05974509821058
leader_david,29.19604499058572
brown_conservative,48.4590713586517
help_tackle,31.235173032307966
herald,81.23189920660445
environment_spokesman,27.750710947057037
economic_development,46.321327741089995
stars_rock,88.3551975670426
latest_details,30.721510799418724
pave_way,29.230254723696607
uk_muddleheaded,34.48837935543092
tony_blairs,90.04796682389703
chinese,35.86198555291351
conference_world,61.697698492792824
greenhouse,28.325651815694453
asean,88.57863585414617
cement_industry,35.81580611126929
microfinance,75.83696452677157
combat_effects,29.59440972361267
less,38.729131319032476
prince,27.347941741208068
movie,26.126704866300088
california_fires,40.571381870432774
digg_feeds,43.63964689696247
house,88.70986149409296
extreme,75.94029512289491
swindle,44.21161375869582
predict,35.28399109803604
china_released,29.743406866301935
news_digital,33.75058843157732
towards_developing,69.64481779295338
products,31.05868641206859
stage,34.70152902332006
reuters_canada,83.41906070994622
wants_un,54.58473491746322
violence_conflict,42.92968564228572
california,32.64397422487561
ho,21.811196315469168
history_links,90.38944824485567
first_steps,71.10875881456785
thats,38.99532952894839
love,29.51291068783963
something,27.791118222558236
prepare,82.2450183144523
land_totallin,91.31764813121026
canadian,42.946002756676386
australias_prime,64.89053715007664
20,46.56303340254849
official,60.820004753825586
apec_set,27.66715471666093
world_trade,90.78037980842348
shifts,33.502568871827435
south,20.60447375853382
concerts,31.087658961731883
canadas,80.37702550580494
temperature,30.18807207708982
put,34.47309266867063
launched,90.42618927017318
pop_stars,42.60869280082482
high_court,33.12375670696772
minister_calls,45.60952210185597
station,32.98465626084088
researcher,54.96003275709148
small,61.47965143432057
saving,43.21209277596946
reversal,50.65473401430336
projects_six,87.18880956351913
british_prime,44.543079388141834
doc_land,80.40589570701776
tenders_called,60.49299336580056
surprising_idea,83.478200676752
nature,28.492936774619263
n,37.79698833339826
star,55.864882034343196
foreign_affairs,44.3309219722012
concerns,92.17738782914782
minister_alexander,37.83759461634861
third,31.913633404100253
solve,62.01323308749149
hoping,44.576077294106355
blocks_conservation,35.601107621518516
single,39.96930050271254
stance,74.22397547315506
shares,39.04067555734572
front,42.54705108356849
cause,87.23111094695285
nobel_prize,85.55217383034685
causing_decline,34.012478155155755
number_birds,45.22830435317128
visiting_britain,48.573050369513304
winter_report,47.73895076017777
plants,78.38617077237323
uk_pm,84.17038661143984
accord,49.45827734371768
roads,33.61164397317763
new_australian,77.48142496779917
madeline_chambers,27.720616726948077
l,35.858925753763266
already,28.89780781139104
named,56.63996985580043
centre,85.11344058257586
morning,44.998543747609446
transport,70.77471481525045
blockaded,29.43349598328507
elevate_global,34.417132719270626
prize_chance,31.85246819003276
win_nobel,48.87311918319567
many,20.49764166442669
greenpeace,37.75228242048993
winning,75.84254266056485
ap_via,28.590858417038906
lights,58.71446527133783
agreed_compromise,63.818445733225985
pr,21.413812598563272
alarm,29.757454094539206
office,67.95396154240747
information,74.5314527689278
stories,48.39261285549189
germanys_chancellor,69.18538094166675
arrested,31.842981946946253
australias_new,36.197288765040334
garrett,39.44550427432462
heathrow_airport,53.7751746451765
tell,72.05899793642502
targets_ambitious,51.49025242319263
fund,32.273688443609906
australian_prime,93.10683542225306
iraq,71.15926444675927
todays,27.83959438960785
released,55.18693943487192
cuts,28.945664246938442
cities,55.65247632794035
determined,76.59421183336543
heathrow_expected,64.91085688698936
india_takes,34.40229892420036
growing,28.160293103102717
get_bigger,50.26814832064137
baa_says,51.162393713814424
business_usual,39.21615144718976
downing_street,36.35922473400113
scottish_government,38.86168457627166
outline_approach,72.64511865765994
man,88.72312542079588
kevin_rudd,39.83185495292882
disasters,64.93901517341739
podcast,47.57843058821196
7,32.844920345161924
number,52.259903551020926
arctic_plants,15.518768909561583
update_commonwealth,77.50155601110349
plan_commonwealth,33.82521039283438
together,70.26527829324861
envoy,77.51979905784968
groups,84.8630469443375
leaders_release,91.86852250963753
wins,74.8802456491661
nonbinding_plan,46.71838510859656
europe,37.70147556971098
hold,92.16782619670508
get_fox,64.79515107447324
quick,28.41462941301979
infrastructure,44.50957542508868
prince_charles,72.56567828100697
warn_abrupt,19.844516865912222
scientific,75.9369036893444
washington_discuss,83.21266534474566
breaking_news,28.876376460218836
poll,38.30776215435266
update_clinton,77.58148316709926
gas,63.05380480528086
tells_businesses,84.07297204439158
science_blog,44.48994467434208
researchers,36.978213173518256
unprecedented,27.686423200502944
policymakers,46.22866876885551
pres_nigeria,34.386637588621774
note,38.26447784150761
around_world,46.3992466948513
report_warn,24.081422979696654
better,84.86799633217997
advisory_panel,29.216338501720323
rise,46.78735755085449
global_equality,29.481326870683166
failing,45.044472454544845
opportuni,44.95160978468239
firms,27.17788663203266
warmer,53.51179849492081
announcement,11.942637213818806
talks_open,11.106060790220193
conference_opens,89.06843139401428
computer_models,78.666456127699
rice,39.09114232442805
legacy,85.7598891216708
seriously,41.5074069526335
report_prompts,51.482918609268566
serious,71.51524621315637
finds_evidence,51.06530615303211
san,40.44665428647338
impacts_uns,55.02264486171323
announce,42.225841541222096
greatest_threat,65.28396637462286
thoughts,44.84504609826391
mentions,47.660734278731304
tonight,80.0763598450143
aust,88.33862702921442
warned,44.643422390433834
taken,78.84407386719502
tomorrow,50.506819703446084
sea,89.7384456747151
bear,81.97277565215064
republic,53.681445415780246
nations_must,23.816856971059
developing_countries,70.1687158514772
tells,90.2649174982313
affected,64.41455103784816
forest_fires,88.95427899946333
western,79.17086504172131
press_conference,92.32505434101233
drought,88.06312893792429
every_us,35.31166823443128
race_best,88.47433530583366
personal_sacrifices,36.548979845753436
denialists_winning,35.165802950474884
social,40.68785850919983
pressing,33.069925430214106
funds,39.68558613089724
getting_worse,12.234129140125242
bambang_yudhoyono,28.979612582057634
fires,32.65172021227235
david,28.776264726744515
different,40.77342895584292
parties,33.53808196670995
paper_dupes,27.428271958949132
warming_spoof,65.5361695957243
others,65.19630765145614
couple,86.19516414488338
death_global,26.6160641308727
polar,34.83337378427389
science_study,33.308519941720036
bills_energy,86.2878342544776
trade,55.212369202833436
reconsiders_policy,19.123819500210363
20th_century,30.44129583220134
tribune,31.931403564264983
asiapacific_leaders,34.10072868528532
carbon_tax,57.00321965137093
youtube,50.867203058044225
brazil_alarmed,13.043318692870706
word,73.5758474550462
melting,28.29772058987266
ads,27.009556748189546
urge_action,48.30630580794414
greens_leader,66.82569235468262
speech,29.883616904480192
polluters,58.66619123315023
liberal,28.40852310248546
theres,27.464076838556025
chief_scientist,88.0691695546904
peers,49.04525401110192
burner_environmental,33.45819105070383
implications,89.2087742149802
members,71.68438177518807
fla_gov,41.77307093771304
george_w,69.15861004954449
sets,46.11968919812489
invited,41.01839423313871
panel_win,45.90704162470526
headline,43.79959885046422
apec_draft,63.75442345070889
agenda,29.68526356822478
guide,63.95489295816445
world_must,34.28517807996852
political_front,53.112544102565025
price,63.871362416692975
behind,33.73036273650161
enough,43.234120084412375
means_industrial,88.1845504011763
study_suggests,27.499931689598455
bush_administration,81.38650638649919
atlantic,28.34159558109279
age,84.50572250748543
voluntary,20.64951206898789
clean,44.77072155205247
un_panels,16.766611831882603
huge,34.52925672278311
forum_pressure,61.17361077043621
gases,84.55375282442357
press_release,88.74172119895135
threatens_global,88.09435683723433
general_assembly,36.78921960962299
involved,29.411568957740062
peter_garrett,86.68481508244805
nuclear_power,27.80749062145857
dry,85.4405302802158
eu,54.080098163097354
planning,70.45739156674252
sees,46.84200576994979
commissioner,64.23987508564929
friday,54.01542618518198
americans,32.33647279339927
hitting,69.43793496041042
slow,28.57948620383462
action_future,16.477162188278925
seen,50.187402753319844
storms,34.508302933760525
grim,52.41735345551062
pollution,41.50756812332388
campbell,81.16780620110372
vancouver,18.746041825998827
didnt,56.67452832911932
nuclear,69.91338524050741
vs,54.0872700696051
factors,46.66978819664001
urgent_action,33.43340381934488
gives,73.43240689279158
ground,30.760822659006898
fr,84.7768901053237
sunday,56.438927926421094
pacific_rim,27.419811251724568
told,42.29198227670221
lack,76.35128295753086
add_fears,54.18988004213092
policies_better,63.82262132017513
set,44.86343576037008
away,50.411240696498545
winter,70.12599654231406
manage_risks,50.577431121222475
lost,67.77789884187912
uks,34.35097491855032
needs_done,91.03370976903128
toronto_cp,35.06156519414928
design,37.3595222117618
india_china,65.44529179901453
may_carry,32.04782365352855
summers,73.57648397592696
plan_due,40.24749900599568
academic,56.39601278516696
decided,86.81488027643856
higher_risk,33.04898431827915
flooding_previously,15.701384502343902
natural,36.75609771852003
thought_journal,88.88270824825935
wwf,80.52823681920711
middle,39.70645647510734
someone,42.4052971040134
clarity,59.906528529753956
airlines_criticise,84.53245762942937
bp,62.16017938500076
tory_plans,28.238544536297155
lifeline,38.15615410191036
town_seeks,60.35860807880459
another,32.214972258503884
august,32.67968973469623
engulfed,29.411006093011913
gun_crime,30.037352104952582
true,57.62286730393132
rippedoff_online,32.68658596767043
rare,31.907799613008898
council,46.27694720161873
britons_fear,44.49289401181212
post_davos,82.3060002312079
may_near,45.56191670874187
declaration_tourism,49.92431366473603
rich_must,34.745103716032396
must_respond,81.14048777037004
international_conference,29.55936081079772
investors_urge,43.14319860623178
g8_governments,31.48777824512512
towns,35.46487805495941
review,62.99381471486253
australian_fires,88.20937967963698
accused_prime,28.3057306601389
links,26.95859128874718
planet_ark,34.936094624586836
study_concludes,27.818483111736608
talks_costs,78.74572175154745
delegates,51.121689489910395
unhelpful_meant,31.141856161978104
train,62.84823140568494
first_minister,40.50219812083539
leader,35.63957707868956
mo,55.50914653750488
progress_steps,74.85965729243694
euro,74.52504058020904
vienna_discuss,28.50917814405491
prices,38.7525147963949
world_bank,57.47734525960249
binding_international,41.8868948511143
call_legally,31.93532707433099
international_development,26.76000180911456
secretary_hilary,75.13406120067245
amid,84.53117428506165
benn,43.210826184865205
countries_meet,27.16090809719563
delegates_150,46.29192758475667
worry,28.618619200429624
tesco_nokia,89.83388852075348
seek,48.67317550008097
firms_nike,37.387382244934834
lately,76.19347040459346
go_wire,82.8964399911047
texas,58.23780900840033
legislators_meet,34.012103178848136
class,42.988427107108635
blogs,65.66978297785585
benefits_action,84.53231728740707
keynote,35.82345861590416
look_set,30.732764046769894
pay,37.90924778105267
measures,87.88545362286337
adds_twist,50.741943773469856
debate_dams,79.90136005371156
report_concludes,74.16704289742604
long,37.96916472543839
would_entirely,79.96723273810164
nation,27.7185848178355
battle,36.6989285266372
security_council,48.6674914827914
forward,60.34867428530812
could_bring,84.88020746170062
videos,18.301626553259617
hours,40.27786495985305
talks_washington,46.48829509920661
aimed_finding,70.20196631284355
rhodri_morgans,38.381361961855696
lobby,68.69324017404043
across,89.97031128824688
co2,85.56961987292863
negotiators,50.16550782277187
poor_hit,52.82426384477583
prize_awarded,30.368886101794224
money,32.40228977153589
complete,19.918524629961357
jesus,39.89890736632632
events,86.63932279049186
power_overcome,32.760701088808695
urges_nuclear,33.813879490846084
new_book,35.56737830449218
merkel,41.12905970434239
second,49.045093014229195
clinton,44.594095870239556
gore_side,45.978970352633276
argument,46.49837833441718
crucial,51.687924673484744
several,64.67923170456649
find,70.6041199076621
point,85.2014389564255
discussion,30.885407417914337
reporting_junk,49.59683456493893
chang,37.9739384328496
days,83.48740766708957
china_set,40.923235469551855
train_stop,49.86100152159495
months_g8,45.55407434716838
prepared_next,30.421893240814544
draft_agreement,80.54530292424579
block_sections,26.67635804036233
us_tries,81.11288010515564
campaigners_prepare,92.23065014540686
thanks,73.17428924432626
itn_video,28.98511018055999
24_hours,45.298280497968896
aid,34.596478805505676
psfk,62.67730685554142
reveals,27.400630592597118
montreal,41.61373769535794
campaigners_heathrow,58.63179457284154
federal_environment,30.666914695355537
trees,39.01067851183317
sure,76.67999380605328
china_india,39.783538319526485
digg,60.45640244195906
since,26.61228689620105
agriculture,37.70742854710667
slavery_healthy,38.4565454917802
president_george,27.83108137236115
denies,51.37672353668666
aimed_tackling,28.722968058378445
british,52.31910518167325
fighting_fat,9.148044449305328
encouraged_action,16.917085885499873
residency,18.728393447755302
ruin,76.38659929344882
current,80.54833791942193
federal_labor,38.83180669514467
crack,32.26220357490303
vote,76.66523841967705
everyone,67.57957947813826
attack,85.61026194634177
belief,29.072529952673452
pr_newswire,40.22013375261959
fire,42.954682580727074
spanish,36.14142239724296
system,33.16311867934832
planned_around,21.864569918364452
create,40.93746871735871
cooking_feature,52.6108449137451
workshop,54.026396363225835
tells_mps,82.08476431992855
writer,53.116448157916636
mayors_attend,44.59022313653281
prospects,84.23383990923493
china_hits,27.076295454522203
washington_us,89.62897868928965
halt,75.23562370414393
controls_emissions,59.51278967830085
leaders_call,38.94982959274607
afternoon,35.88560081153002
es,42.58728640072564
100_us,83.82827278221887
rallies,83.82591333644037
people_around,33.09986935336934
summit_seattle,37.21305184185605
w_bush,71.15564389446729
share_policies,37.975818770564146
management,88.76696380553874
resource,40.91178494511231
ireland,28.519700937014683
foreign_minister,70.1581768957079
us_rejects,44.099545950229626
fund_combat,40.40828747450752
draws,14.211749536141687
annihilation_global,40.19806520676152
new_13bn,41.021345774280874
passenger_duty,39.246760120211206
co,40.98783593097078
uns,31.06887738198825
worldwide,37.87969957564826
secretarygeneral,29.748185171365357
millions_jobs,60.077831560957534
urges_fast,14.0866024511074
bushs,35.69507087578216
slams,33.58326254543387
browns_air,29.820819682679613
unhelpful,54.848872937517726
temperatures,63.26687870209442
federal_government,45.26514889991758
wild,27.67449662879588
highlevel,70.72935469177452
wrong_way,53.78542411054286
learned,70.4965175132626
apec_meeting,14.731257352286448
uns_top,41.66370622532668
neighborhood,74.18682897195725
simply,34.347080966457526
qld,43.21370196636648
formula_one,42.07401508854132
top_agenda,42.40676691401584
promises,33.686772453152855
mps,31.157871394882168
bob_brown,48.77717747823165
including,81.18253345594134
follow_money,72.95470713729233
levels,42.264713394899815
wave,31.016001942022644
harper_announces,50.162580509892194
grow,87.88675572105858
attention,60.56389035844332
major_parties,32.17778585979944
sweltering,39.700152492669595
top_priority,89.96996920214868
hurricanes,39.689078214285296
pledge,50.96436669239377
thwaites,28.69599215303692
aim,27.80661307907898
warm,78.86631795257244
minister_stephen,39.61290565687213
canadas_prime,41.142868192300774
biggest_greenhouse,56.95427471431425
talks_worlds,27.0798412162468
bush_isolated,52.739291880799996
keen,68.47200326070177
new_curriculum,26.246259315711725
complete_rot,19.39553073865865
security_experts,30.049112678505274
6,15.997125354045153
expedition,64.60287689201938
rainforests,33.89590687151661
urging_action,45.22976564859294
agenda_tories,31.23281502122854
back_green,80.79318520230201
afghanistan,55.62604210022849
try_seize,52.41331014546422
mirrors_slow,79.54942677101911
stephen,26.338398927223896
commits_uk,84.84178768568876
like_space,53.860618611055386
biggest,55.438101114824576
pm_prime,46.57632483817764
immediate,62.18055305650958
cut_carbon,83.42427440730096
course,71.65562048163935
dioxide_emissions,34.185377399456314
bridge,29.772375787604116
engineering_feats,51.00432904752423
nicholas_stern,82.92083437066651
victorian,91.5706641355309
tells_un,78.82111948578036
16,56.74219039691471
economist_sir,76.26401663408139
experts_discuss,64.32518657100356
language,62.585075303347665
vegetarianism,32.30185134061799
recent,59.637419827101624
humankind_nuclear,34.306908070207214
fire_danger,42.348802491922584
plans_series,48.53585309889086
tories_reveal,86.54709500535671
2050,32.40631989684711
ill,63.85970931538736
ocean,28.94077945308623
csiro,27.750068557558876
blog_post,74.43148140372853
open,61.094006950145115
wet_desert,9.825878334586303
5,56.86291532779448
great_threat,52.72120208271507
premier,29.90126360428808
cardiff,52.76041121634091
conclude,41.22534416528006
rice_says,37.07769210384785
support_un,80.72649090800422
either,56.15517265624109
frightening_alarming,90.19622165500878
60_2050,17.344460849415093
foreign_secretary,90.48161994553395
prepared,48.04686371577331
accept_binding,58.90128660582851
bush_pressure,9.114841985175401
dont_tell,37.71948497094422
airlines_tell,27.19052658253937
offer,48.633052923459424
oceans,81.22332128796495
cooler,37.59374055509155
econ,23.562120282895062
peace_dividend,89.53710138833998
cuts_co2,77.90180092603036
book,68.48996520546794
warming_means,42.76744828665805
plate,53.535153629156056
14yearolds,37.740835135553866
affects_everyone,41.897511895219644
englands_11,59.43267742699426
yvo_de,48.96347813911123
battle_global,73.04591384771314
uni,86.94623706734801
boer,29.368219520775405
even_janitors,71.06373506695765
told_global,60.01253372587936
company,89.78047783459157
sun_link,22.35218136203379
connect_dinner,86.67189384412389
tell_world,48.05338009284303
big_economic,41.267632830673094
premier_john,35.76801841281174
economic_forum,88.70710495828432
indeed,82.16425697496942
global_response,32.03188830198561
nations_meet,69.52813145079314
ministers_g8,89.67012842731228
ad,31.6465937836461
clever,27.838802605407714
vegetarian,32.88840642661141
ny,31.418394810901646
major_rivers,83.03011564706281
stations,41.59236095090159
among_threats,46.14402442848939
night,26.482771359655665
relief,29.342076463540643
new_generation,35.09808145215456
dams_shipping,42.21123117590244
millions,30.288475405562295
pondering,77.45586395808049
firm,62.513414876067806
dollars,40.0244423266342
advertising_trying,80.20857101791967
development,41.81660330453509
amid_discord,87.77524687643711
tropical,44.190096617536184
china_building,34.26214717392493
independent_online,65.29734117822785
camp_set,65.86018225307055
police_officers,84.78806657024994
25,44.29866437677099
mainstream,59.293001311126865
uk_fail,34.81622000639125
following_claims,58.199030431611476
calls_eu,29.287117964655007
worried,27.484382652739406
fucked,74.7901975066645
rudd_federal,72.78746285958866
hour,28.55647695019916
currently,30.844011745604647
se,28.122765800644984
two_power,44.17339209950187
would_hardly,73.12697702877054
plants_every,46.39231447808204
week_says,32.73333718169913
wanted,84.97246106817762
one_lawsuit,83.19275316790423
monitor,38.55077124818169
longer,51.89668355960258
farms,74.43240737877375
establishing_wind,86.30943454587239
used_tackle,83.11024638812134
virtual_world,71.41855316323569
uks_top,27.457283488047526
carbon_market,75.10886990133639
virtual,26.383786591049116
industry_call,89.63315400418833
isnt,20.781191640845492
committed,62.87405115090646
protestors_target,90.3104118911391
coats,93.33985667581402
confront,30.959744110202458
discuss_aid,37.88169246526439
study_sees,33.09247460999324
impact_alaska,41.835527985208884
camp_near,24.609775498907283
setting,53.31614297550262
started,72.38223079213198
two_days,68.99950361568368
set_heathrow,29.44375994128172
starbucks_stores,38.66330537240964
report_shows,40.114959582235535
promote_film,32.39927059467557
seattle,80.75464351076458
starbucks,84.46084368322056
independent,72.19547631664348
heathrow_camp,51.155084573877346
leave,44.73404899072494
aviation,46.090078726718524
forum,27.17282377445574
campaigners_petition,77.00403873685306
take_urgent,73.78593935054364
commit,71.61576004263429
action_protect,63.12382562765184
iconic_natural,77.98429756857678
campaigners_set,51.56874697730096
protesters_set,87.0599374677472
sites,51.152892939217665
saw,36.35215457327796
wearing,38.20478656968946
using,80.33334593159438
central,64.35817772579549
country,85.40063145814754
talks_amid,44.06688022889394
difficult_g8,42.76940433872731
heiligendamm_germany,37.16338048526586
merkel_faces,50.23853345288421
hurricane,35.55395180158677
season,87.38656825988699
discussing,67.69552684545633
g8_reaches,77.43229442536094
germanys_angela,54.44867970778262
leaders_gather,28.204952355599517
apart,32.68238706072007
still_far,67.85339152808919
department,37.527680365157394
g8_reach,71.19556206354893
tensions_overshadow,11.719854191552958
brief,44.76348104605611
airport_say,65.1754684262487
took,81.51237660791261
protest_climax,44.268722183059744
compromise_deal,31.467407833574935
tops,43.17713884510921
getting_ready,49.932241642945435
weeks,84.27547337189232
asiapacific,26.29170865994567
pilots_urge,35.507875409060496
leaked_draft,57.638099624028996
heathrow_peace,64.18997012621143
airline_pilots,75.63872916717331
rift_russia,28.87690184774914
opens_germany,92.89770952030838
blowy,66.2500038412109
deserts,35.709971109674825
leaders_energy,72.5124412766927
presidential_candidates,85.74495067053942
emission_caps,40.98078883722491
mean,77.16663211210606
ta,88.59657426661272
take_action,32.581168181884465
green_party,91.98428760258382
body,51.902209963134254
able_migrate,15.785054078290617
many_arctic,67.7057853570703
plants_adjusted,84.87629097151003
skeptics,89.69702887651485
changes_study,27.661001856950538
suggest,76.30040630980743
standard,65.80360152059446
entrance,32.53500454964653
hill,34.76030205671929
adjusted,31.553740797779852
errors,71.12838276082215
spell_new,66.13784051113306
battle_could,27.757425308557874
heckled,59.761043797287186
radio,83.38568992123709
defence,92.13686649086164
private,16.237174676968564
rows_missile,28.965277268673326
described,57.674194556225814
substantial,36.498995178298635
copyright_piracy,24.917125803765707
newscomau,33.85360714678412
hey,44.40304504879068
prompt,86.91662096897625
howard_announces,45.651949130169264
populations,29.524868566504914
backs_measures,27.668421096959342
rush,31.772633894185475
unit,62.73568722151444
suns_activity,31.805025293246253
brisbane,43.176387615822144
five,53.459784583326744
understate_contribution,28.703337066843318
sentences,38.597770894255646
blanchett,36.497245885165825
rp_needs,22.698348750699033
airport_west,88.70258740239854
emissions_vastly,43.102441161483725
protest_heathrow,35.78792815990076
grants_injunction,87.68132359779712
figures_carbon,82.07879317512958
britains_official,64.28178272333625
imperial_college,73.76235448437212
celebrities,67.04091789322487
rupert,36.49278609728132
donation_fund,37.21297214791945
12m_private,31.823710055926448
bbc_news,65.53479495705598
reduce,40.40303719392155
taking,49.01811038058348
finally_getting,37.744060681403504
music,14.412818367044565
duran,31.22410810543316
territorial,30.469225318460992
load,30.156009913197224
vineyards,30.036903583237553
10_billion,81.08563257163188
welcomed,61.92385425051732
random,23.61473174149485
german_govt,39.030045767654634
attacked_saying,88.7105451089371
ac,40.29221709756189
difficult,84.1631987196092
mccain,60.59541407294761
lie,31.990504766884538
waiting,40.23786445910605
damn,76.79318608186426
give,31.72389971871849
rhodri_morgan,48.10991272355874
plan_extreme,56.34625460325884
states_take,62.64518242622121
governors_say,46.29662319912127
traverse_city,84.05890742197244
mich_ap,60.278590050774405
federal_governments,63.92808492731143
fish,67.64330797992292
stocks,36.010304564789784
flannery,55.48119650643867
warmer_weather,69.84603854979585
george_bush,38.70422372885077
lil_john,68.8289935427501
sucks,59.2954821168565
representatives,41.84586367141593
winter_birds,9.43119812763114
twitter,60.82738937254864
things,33.58228385097446
bit,30.696462447694053
us_initiative,42.022317388133246
want_solar,74.57624173172597
europeans_cool,9.165713342164077
imitative,58.47836188816101
pledging_pollution,46.5152625570046
country_caused,51.21710255812538
manmade,48.68525386428686
alertnet_34,39.06222955175553
barbados,46.20692228915263
seeing,55.71937607850042
probably,36.92183414076979
efforts_reuters,68.7733367722747
earthtimesorg_merkel,73.40802851978839
remaining,81.48670219428104
merkel_discuss,55.87281085819869
alternate_energy,88.39351050054198
resources,32.10055068592482
chancellor_angela,32.72783714045345
anything,45.03686881637673
friends_earth,57.109164218906656
meet_german,27.74379568851021
tornado,46.25399802286176
nick,32.90627631982156
polluting,19.272240482543275
activities_influenced,29.239738833911346
released_industrial,52.11340586098817
show_soot,30.743788989776277
ice_cores,27.936518976628417
sent,29.47417721122469
dawn,49.04800850744974
nati,32.121504043738454
angry,87.27249913964847
limits,29.06721495015855
ambassador,63.61113223149461
guys,27.67852957783311
immune,77.02624294550944
surprise,57.540795062035926
rock,77.49304594167464
dr,40.18475754929844
spent,27.296910851584144
george_bushs,51.71588103238861
stars,49.908394978025974
official_welcomes,26.418966662496867
rocks,31.093603186209343
leading_un,38.53901593877625
canada_special,70.79660396021845
increase,27.88032723409684
1_hour,76.01714614415373
sydney_set,52.96507197909424
first_city,27.31483279064539
hold_live,29.79243902849486
earth_concert,77.70820004279352
global_event,33.88803313194049
highlighting,34.2510170512968
critics_pan,90.96791414043352
gigs_read,27.238701556774785
done,65.37618582715156
tell_g8,88.2138290740279
predicted,76.16079131942973
indian_muslims,33.60891241846538
communications,54.309581735389585
oblivious,36.917543915142154
experts_chile,45.58167721978959
say_disappearance,44.14578221809941
2_reut,29.014609314939964
berlin_june,74.54875777145398
lake_south,73.80794233069653
reports,38.23949685474452
feeling,78.91594869885937
approach,45.16860645454702
report_opens,37.23108275295891
grappling,88.64401275524793
risk_unprecedented,86.54169842516912
line,49.54225762109187
uns_intergovernmental,34.15519890216294
tops_nobel,36.33506972751441
peace_pri,87.8421499079819
award,29.001230409550068
wait,51.1354753733729
promoting,9.093431996176774
poorest,30.1117839358864
sarkozy,76.8306687535751
tipping,82.58266110617538
gore_intergovernmental,38.83279643321109
prize_oslo,47.87164332807016
afp_via,44.41143224692698
cant_wait,32.59934835786076
along,53.172486130734825
focuses,36.73855031886076
water_vapor,43.230215188879455
offered,42.292948941492455
split,32.70195307276989
overcome,25.263147998784554
agforce,61.512198927495064
could_cost,57.114565673490304
1,85.79013898689374
sounds,61.47043076691726
scoopconz,39.42212371520467
arts,82.30345465506348
simcity,36.50839468812412
beacon,77.37450912687007
battling,52.71255765558628
congratulations,32.738509426880434
prize_work,45.821619923056254
cbi,13.479641349261733
offers,32.14826359934098
committee,43.62089441264358
quite,34.71936203220318
prize_goes,89.1654446340763
awarded,39.906829330530215
excellent,83.09202658002098
12,36.909062891671276
atmosphere,91.29861140771553
human_development,64.58528015512032
politicians,69.00432383766638
tackles,82.54831210069347
protesters_say,51.34699265652722
utah,31.116892393347367
desert,32.406160878939644
biofuel,79.36848875595301
3,57.39097318425799
post_second,38.19564449507227
tourism_davos,78.89158731327593
social_networking,27.87662722980891
blamed_indonesian,69.2743394481396
topic,29.009306980541837
austr,83.5677744136496
indonesias_poor,90.05258965224041
unusual,74.12899617027612
waters,86.16073303782545
deals,46.06664102182316
american,33.43938568727249
documentary_exus,52.49592665009522
shown_englands,38.100289941464474
blockade_airport,31.98143637707678
recording,18.73121314926589
australia_fashion,26.623037548995264
minister_malcolm,60.41453966222811
floods_capital,28.954023780344244
canada_rich,15.353219875870844
reading_good,78.20593003779535
schools_england,46.36596044588661
free_show,36.21358981923606
gore_certain,79.09629678648531
conditions_judge,33.12511951043621
turnbull,74.18836431939849
indonesian,40.55448616072867
2nd,83.35654889065192
tress,88.08040777463353
seven,19.455946650649327
woman,58.52330087842615
shortterm,41.03948592089183
key_tackling,30.00772165588768
flooding_read,79.53433796473898
absolutely,87.52043982293995
outside,78.13778501793948
ministers,38.533190666015905
welcome,35.7317845161084
attending_informal,68.7426914984282
clough,53.655772837986774
perhaps,26.246027021424297
one_thing,70.81997025103524
kampala,33.49027621219832
mother,84.18700892079801
uganda_summit,41.285773432015475
release_nonbinding,44.98662475857306
young,57.34466124077575
chan,40.939815000476756
focusing,48.05863386482373
moment,55.23020574763153
internet,70.98338662774962
etc,26.27668570615593
unusual_insects,33.175714834925955
clinging_survival,34.24566938609867
threats_pollution,38.43671669590056
53,30.49557366344589
binding_targets,97.7458287407734
criticise,45.9034510961614
blamed,57.886786386931234
positive,32.28123065894182
antarctic,61.82947823983463
opposition,37.12728448010859
convinced_global,29.595297637117632
knight_international,68.88406570193101
journalism_fellowships,83.08404313468418
web,90.0749988676831
fact,29.138293772364506
lowlying,72.75144147144111
areas,49.87738059040393
globe_canada,30.23191172493248
month,68.36952400089942
fucking,44.00020721707472
debates,31.389303466713685
minister_j,57.46068891888796
page_vdl,51.463968124872856
beautiful,25.89393264692164
letter,88.30951078261052
eco,32.841486628133666
kevin,40.4002763547492
kyoto_enough,82.77763841700298
judge,54.71893101635668
oneclimatenet_opens,69.97889538250496
arent,24.765849326798893
leaves,39.561638272589356
deputy,60.95820795831244
watching_pollies,28.016943336872373
rate,36.64493708107518
lecture,31.753131471367627
ipcc_reports,75.08004596693242
finding,56.41344014623935
obama,84.26909459296458
play_role,29.384420576342897
tax,34.54331782639782
solve_problem,31.343033154896204
helen,88.53100885475841
new_zealand,89.3928132476178
obesity_likened,30.824111820263482
says_obesity,27.26897572395477
poses_potential,62.27018176927556
crisis_scale,43.75417725451966
turning,40.93488950010116
gores,39.48576366362325
time_act,56.072804591519755
truth,29.731406453772614
virtual_door,37.46396256722231
han,86.35812253487259
verdict,56.30322412393186
directions,28.6618627098883
summit_bali,29.845391984961914
blog_oneclimatenet,61.45089704449896
whats,56.84644022835566
happen,32.210945723649616
puts,39.3864786009711
concerned,48.03601688296788
episode,28.26662466709486
pm_vows,54.048440266450356
sf,28.189709576839157
tips,37.42475760906579
topic_check,46.31386113345653
brazils_president,42.27361505714212
lula_urges,41.35586276604003
african_countries,76.27347743856127
use_biofuels,34.667621487899915
helps,31.80601551634661
secondary_schools,83.36110859183162
italian,53.80224667859831
ozone,61.69097361236929
reuters_alertnet,16.999832826500754
shift,81.35844099866385
loss,42.7070878780227
crumble,45.121800913134635
englands_coast,68.66817719728148
changes_bits,49.09468963449372
beccles_journal,36.23149192566916
bush_unveils,37.01161827601311
film_englands,53.3849467723297
move_send,85.60561343136091
whole,33.675259868781396
anthony,90.45781921888684
financial,91.69900308918994
express,62.52915899641502
crisis,10.221131627185443
stem_cell,27.084219010141815
schwarzenegger,26.976784401528395
g8_foreign,61.008355129180046
ministers_meet,38.25612376973014
germanys_merkel,72.39385176230255
talks_agree,76.46809779405038
issues_including,40.57824812383899
adverts_flights,48.287376779154215
natural_world,58.17661624357069
human_societies,75.53092881728553
liberal_democrats,37.38501853409904
say_wales,73.69300710105092
could_lead,56.69212604301296
sweden_invites,43.27942685719
photo_3cs,73.68045970361501
logo,85.5426092111605
holidays_cars,55.90884658212424
kingdom_fighting,29.642981880822642
carry_tobaccostyle,91.11532145840012
health_warnings,67.8164782166661
activists_welcome,77.96661113966373
ny_auto,28.344489395430607
nail_house,59.46500481276041
northern_ireland,44.07263354478255
lagging_behind,39.46377488844013
rest_united,87.24569427234137
legal_challenge,23.81299519188866
government_faces,88.45876448350381
linked_globalization,17.159226911135875
december,26.271028604591017
battle_says,65.44272801749426
interest_rate,17.911884562951197
discounted,31.364541338492128
envoys,28.736287023376953
accord_everyone,33.93747686728035
shared,32.25128951027922
fest,83.96158044643613
paving,43.11447381197334
deadlock,76.56153057320338
race,13.321615283345679
26,38.755945214129234
essence,68.79920341461364
matter,50.78040684230816
screwed,58.32352377058831
weaken_g8,63.07193947099768
could_cause,46.200844780401944
washington_post,45.50697171730559
nasa_scientists,85.6173696597687
play_key,20.420560177918468
environment_agency,85.36453434226297
2009,43.909094218958145
poorer,45.26646481188869
write,47.05426338701358
rejects,33.671987676490744
convinced,70.37996880121707
rules,29.613751164175273
upon_irrigation,29.387863486579242
farmers_dependent,58.48753800927331
pay_bulk,31.799544216742945
bill_oxfam,30.837718275743597
oxfam_says,47.0566098608279
predicts,83.06013826611715
rss,36.020136942420166
environment_minister,76.2941089841816
mid,52.97365689854805
help_combat,58.000257210281546
journalism,40.7471936730153
environmentalists,38.973394374669226
could_leave,89.59758330510171
reject,27.973711827703852
already_impacts,30.773457553275797
set_conclude,45.692656661573075
taking_place,36.03210213300278
enjoying,69.4033837201745
weve,72.8365047568452
tried,51.56677587008354
poster,53.22659498043353
seed_magazine,75.30287035013158
major_conference,45.635934333403064
opens_thailands,68.0337374962098
capital_bangkok,79.87320254895133
lake,42.06073093965512
us_epa,63.01234776886871
underestimated_pace,89.40104659842868
emission,27.433973605933666
richard_mcgregor,27.807243530350263
financial_times,88.49135533124328
brazil,30.52868832547064
city,39.55546981193821
living,31.722898293404064
govt_launching,9.20527552118482
freebirds,63.708990857591644
arctic_melting,49.11678459747113
force,49.73962217273997
research_shows,78.12980978686187
july,52.79951453460088
patterns,61.88903261784728
scientist_warns,55.147178271496315
former,75.92042970247478
secondary,46.93158657133147
mixed,83.34359062071653
outbreak,45.89894795999791
extra,52.209700191125464
reaches,92.59080268435783
gather,88.26258306953862
ottawa,71.9370993091307
dutch_inventor,89.42074645412019
british_pm,27.066358614607264
asks_nz,32.12397774716192
join_plan,81.42164993567643
changed,46.95632713201904
executive,42.929986833917056
ceos,30.3321716591217
call_action,48.51536195741605
national_security,47.67247524454383
fun,35.46420334627159
direct,29.375296404023736
delegates_wrangle,22.09108249938787
kind,33.11741783563455
path,54.193419995291784
preparing,36.481293909026064
consider,39.45689361004451
issues_stark,33.336626044233654
diplomats,29.795305486679
panel_approves,88.93710121272964
without,71.64160480429773
stark,28.475004768629876
african_disease,29.118039823181682
delegates_major,45.09402262183597
conference_agree,63.22994082479295
wording_report,32.63421227637174
likely_impact,69.70820545096257
dirty,35.231676975456836
tired,59.507949208374946
scientists_warn,35.60983476647424
way_operate,91.10512987023876
scotland,36.453472240690736
60,62.71000134020649
ticket,17.49932606451613
wong,31.2349278004225
venus,93.08243326193133
producing,43.472351501044656
short,37.525098678811844
hello,92.0097752232066
raise,65.66819283068642
15,87.9158339821909
gigaom_alert,34.37924117229473
worsen,84.44064991981273
chance,82.00056823557492
paper,31.83248439697903
snow,20.414206639994386
last_night,30.685563934764737
blogged,76.3257014093609
watch,52.88810762314212
turner,85.2977696667162
painted_jmw,35.3175661010818
vivid_sunsets,83.3188893737101
weather_im,52.96422227158405
happened_normal,50.99335927123744
aim_iron,58.952945810445996
globe_insider,39.20928276608346
sydney_morning,29.03289695217915
daily,40.9019264850866
negotiator,37.92737477437717
steps,27.808487966367977
faster,40.79790189603388
via,31.018264737364056
trading_scheme,68.40514361642568
globe_adapting,31.604428562757555
leaving,50.50465342868668
voices_one,30.951939598725012
seeks,49.92119011260091
coming,53.47263731492261
excavations_channel,30.750064713400533
tunnel_rail,51.39744881649651
link_show,59.87262543704479
scientists_glimpse,81.22276679888716
55_million,27.276656889364887
years_ago,71.38977846313513
conf,42.45273235369946
bc,45.52945202931756
death,52.9747134828456
define,30.771154349347047
fixing,30.66057222206073
worlds_top,30.223886390146838
based,56.58943294536358
sign_petiion,42.1220505951633
gen,18.22820389674682
ban_ki,88.5913104544712
moon,53.16280537556075
passionate,32.32102917434737
atten,61.130699126167585
google_un,35.72262528348679
must_spur,19.704703241618503
worlds_poor,86.70140071488453
heads,36.09486268834046
chilling_conclusion,55.66737096677259
session,32.69722486080643
un_delivers,42.93612533486262
accelerating,47.080453559334565
papers,30.702105384026268
venice,30.69923701873759
underscores_imme,83.63485619803518
currently_watching,80.16358973548897
meat_could,89.69396437830804
projects,82.78483760456
telegraph,33.09982758462827
fails_addressed,87.23910196860611
dubai_disappear,89.13353308886137
self,37.42737490070792
mass,60.723061330245095
kill,36.548064582682485
eating_less,39.70691532971629
reason,43.712412791098295
arabia_announces,88.5164419200674
experts_say,32.109806389886295
larry,27.690835844720542
economics,68.11644437615529
broken,28.26607963645845
forecast,72.11985950849173
thi,19.55275214512069
300_million,71.00318996272549
went,91.96299493709199
dawn_saudi,63.79653457529148
300m,21.1307856759028
launches,82.6722947985221
wakeup_call,81.85245037646975
story,54.9908144969817
final_report,40.469469369716705
edwards,34.062221777422536
state,43.763500648959095
confab,43.2061091549922
success,59.77036151675503
breaking,32.17467732373402
shouldnt,31.951803386189994
us_congress,47.33028718878461
fund_riyadh,29.266700696978273
document,37.067454031707655
oh,28.268849861214626
update_last,62.78549612087175
doom,30.365272768950764
arabia_announced,64.33597200820905
process,39.72436929463494
afp_saudi,58.2266494275048
nov_18,58.69137767159534
hate,29.199668074536174
guardian_unlimited,18.218274463696556
report_warns,18.60173617944226
need_tech,66.5096978284532
ipcc_intergovernmental,77.81874895941753
satellite_sentinels,46.87206208064934
ted_talks,30.250126380747464
glaciers,76.9240792174806
decreasing,90.04771764510802
november,83.70522068463995
arab,43.248079490743855
representative_seychelles,62.30121167025678
small_island,33.61775319481048
wor,79.34494050209113
states_cost,68.03202737764936
tech_high,35.57007164003875
ii,46.725917681183
thematic_plenary,43.40004917560005
date,57.540305134476
acting,68.7590214847702
david_keith,48.512974687545764
presented,46.251169095395795
help_track,66.31873582989081
general_ban,71.15069303839087
update_experts,57.28722067807179
wouldnt,86.70892021235926
dinner,92.25859581978317
hosted,51.268346086578326
final,34.70820196216899
lawmakers,40.85769064058971
call_quick,10.814851948255905
boring,19.44484147719149
signed,43.97443160408872
onto,51.101999939727364
bali_conference,78.46930426691215
secretary,17.306418170367017
audio,90.26244227464625
spoke,30.32235524115061
communication,31.778537304183065
foundation,85.16146173412149
feels_good,85.07589388128882
coordinate,29.709429171466475
walked,86.30596130108417
un_head,29.314637675028884
sir_david,49.548405466237135
attenborough,49.032549959791154
pacts,56.307901039374386
b,72.01813268310661
priority,35.34570025373974
pursue_mdg,47.50007250354094
initiatives,39.05454180354897
coast,30.128349577078275
reality,33.38482748402847
facts,65.23677485204867
50,90.13473279494848
temp,38.72281357059982
actions,27.093266148900504
side,40.86605199451269
already_felt,89.49600553940317
societies,46.408035047162954
landmark_report,50.02352673180197
pres_zambia,28.29401743069931
panel_agrees,38.08900170811986
reduce_greenhouse,41.40887286007382
warming_un,28.47507474781388
mitigate,63.265408579128305
negotiators_complete,28.74447140227165
key_document,33.035808898691585
capacity,52.31290397142057
reduction,49.55981326343489
creating_regional,31.507278368418454
cop,58.53962629379468
un_framework,83.50077583949565
presidents,38.67191244917553
governors_join,43.966469379526714
esp,77.07662088373743
island_states,27.80028220796555
matter_survival,81.38435974438453
speaking,35.11755094502598
far,39.90352522024967
believes,53.65142461340824
president_czech,68.19889626629318
suggests,30.559684276072414
set_announce,88.0163224171855
exist,46.71846393375047
adapting,28.80999623657391
greater,28.949646563757334
episode_catalyst,87.73082162951992
written,79.78841107135656
wrong_enjoy,44.26985787717195
policy_decade,46.09413418897511
clarification,36.12940884269426
update_mps,28.52293794153575
body_powerful,32.48229724850202
new_body,17.73576427843564
must_drive,44.284570566030666
policy_deca,66.81969930169646
powerful_new,34.91109951657292
body_must,40.35281804058159
failure_government,28.95784377566138
works,89.76820616518742
mps_warn,88.87704296964056
aussies,31.544130352516838
fix,76.54758937355254
bears,93.86938765735603
agency,65.44149751413322
argue,31.73125219334662
dire,73.31463478665194
commission,26.59540704142431
ipcc_report,93.34846046626829
history,38.70051579247786
analysis,43.12882085913458
forced,29.254777099262498
10000_participants,54.24567063620508
community,36.31867707121787
bigger,38.06309864383627
pledges,33.18583376336447
association_says,46.98776194182946
election_focus,24.904156634871853
land_clearing,46.74427399184427
contributing,28.46695996902423
clear,50.99413347984738
triggers_wars,42.64186990197476
moved,62.67556671107808
religion,34.968015712263096
treaty_fight,89.01201697290496
gordon_campbell,57.57238152199932
joined,60.81636408923436
provides,40.8716917485479
put_shut,74.51337673352005
population_decline,31.39610132338709
develop,81.76091358939965
grades,12.192893954558954
yahoo_green,9.131306883937848
developed_countries,90.98759247480191
gotta,58.72813697261471
lead_extinction,85.17439450563964
drawn,49.70670749900191
indonesian_president,31.884717509261186
hails,94.58887861278492
printing,39.92210070481136
points,87.43769414340268
dont_know,74.36722089191589
article_rolling,27.485257444268207
new_frontpage,42.19522392230315
stone_prophet,62.737576381311996
james_lovelock,47.17252192255428
aec,28.016304324085098
accused,33.22439117346525
summit_uganda,52.47243278607077
differences_issue,52.93048107694512
whether,30.68128726132022
greatest,49.576566991242764
labor_party,32.883247832814966
news_today,57.02566358977042
social_entrepreneurs,30.690446781895012
speak,65.87530131148935
hurting,87.44699123246575
regions,57.27593558332356
vital,64.67923979059515
10_ways,90.61719435400147
capital,85.09054397208483
southern,88.2010735745784
emphasis,82.44386811326072
threatened,70.18851931403441
send,79.27207462746182
google,27.828993468336
position,44.47253857423454
testimony,78.7835185370922
committees,49.42218369937515
senate,87.44912297276153
wednes,53.88411809354515
fail,44.668027580538485
threats,28.04049742348232
testimony_edited,37.740712888515034
leader_kevin,42.610054942279874
east_asia,49.09182856196715
seniors,44.355399823956354
leaders_signed,29.953359347958116
important,38.12463124575083
banner,38.12092218754675
unfurled,55.48383722831779
boy_theres,32.25379694686855
back_fight,39.949791170179985
downer_defends,68.3171171253026
activists_frustrat,57.030552423573795
pact_apec,44.44513390588143
sydney_declaration,71.73006561850858
international_herald,65.39797683609811
culprit,20.96743970421794
agree_broad,64.10529997305824
aspirational_goal,27.01832723057008
cp_leaders,43.858936258931756
som,81.4903065565809
nation_arroyo,63.10220826190342
meeting_sydney,52.256121326310534
unveil_agreement,66.51207039034571
headline_late,69.43264518660388
bed,90.78447797023439
urge,38.33710049659128
industry,69.59903410315516
darfur,12.782312590498584
result,30.52724828222086
expert_says,53.77600569203656
instead,29.567745125800336
canberra,31.112567623123766
greenpeace_australia,47.44946691061338
reading_sydney,68.67452594204045
distraction,88.46394308932545
speech_environment,86.446116623442
hilary_benn,27.604163816479456
first_major,31.073472724708544
glacier,37.31815354058955
set_give,49.47371918701441
britains,31.02324458796598
extinction,36.42273856237356
plasma,27.752426692027324
resear,28.62467244241069
th,44.22087843778826
activists_struggle,89.6364361627235
statement_signed,44.475397432209355
asiapacific_summit,44.04792416523959
shut,44.03919967957685
project_monitor,31.57436642960917
trends,87.8268696442781
lifts_apec,12.670012382720516
protests,22.616536898347626
life,88.74460653409854
atlas,89.35610210706554
downer_says,35.65375632332879
clai,58.173432011776875
reading_second,29.343878313171423
sets_goal,85.82606257951544
way_forward,56.075782612905485
talks_begin,39.980515459841094
website_offering,46.83657574307393
impact_scotland,34.02874303557827
college,40.99608222206569
smart,41.281562589146716
businesses,78.87502814020466
prominent,52.86050083362116
noahs_flood,47.751835321290514
devastation_come,41.034984449950045
lunch,35.77497300246078
club,50.88067949040786
forbes,58.681676143449295
struggle_get,36.18292525960258
nears,29.965698646151758
update_activists,90.54970418909123
need_slow,35.86874701752652
agreed,18.22006448494479
fir,42.41560001104091
petition,15.502317032660017
gordon_browns,83.68632305751369
meets,86.04093956721776
give_reaction,91.46285060036547
environmental_campaigners,73.76621227917342
bbc_scraps,34.228573589797726
speech_reaction,84.08113408669047
broadcast,47.4577421577209
tv,82.39482662696399
lets,51.44285877010341
grist,91.80745129376179
